customerID,tenure,MonthlyCharges,SeniorCitizen,InternetService,PhoneService,Contract,Churn
CUST_0_202,30,106.89049844787182,0,Yes,Yes,Two year,1
CUST_1_535,51,77.06097466388297,0,No,Yes,Two year,1
CUST_2_960,63,23.038705969683686,0,No,Yes,Month-to-month,1
CUST_3_370,52,113.09486955069778,0,No,Yes,One year,1
CUST_4_206,38,88.95267510315611,0,Yes,No,Month-to-month,0
CUST_5_171,30,87.65133857772466,0,Yes,No,Month-to-month,0
CUST_6_800,51,41.56751523977171,0,Yes,No,One year,0
CUST_7_120,5,85.88854702326572,0,No,No,Two year,0
CUST_8_714,29,59.386440565415846,1,Yes,No,One year,0
CUST_9_221,4,85.12329770414921,1,Yes,Yes,Two year,0
CUST_10_566,10,30.659303030799073,0,Yes,No,Two year,1
CUST_11_314,56,85.7845304603036,0,Yes,No,One year,0
CUST_12_430,17,119.94137257706666,0,Yes,No,Month-to-month,0
CUST_13_558,17,24.821203886055603,0,Yes,Yes,One year,1
CUST_14_187,69,117.71741842213171,0,Yes,Yes,Two year,0
CUST_15_472,34,60.690796072287064,0,No,No,One year,0
CUST_16_199,6,107.07534503372592,0,No,Yes,One year,1
CUST_17_971,53,98.23854840582734,0,No,Yes,Two year,0
CUST_18_763,66,76.70162609866678,0,Yes,No,Month-to-month,0
CUST_19_230,43,93.84492092513266,1,Yes,Yes,One year,0
CUST_20_761,23,107.8515561301348,1,No,Yes,Two year,0
CUST_21_408,55,60.4140321651033,0,Yes,Yes,Two year,1
CUST_22_869,16,52.70331615632387,0,No,No,One year,0
CUST_23_443,8,86.75933855635847,1,Yes,No,Month-to-month,0
CUST_24_591,4,100.78459419412586,0,Yes,No,One year,0
CUST_25_513,4,96.22851347766158,0,No,Yes,Month-to-month,0
CUST_26_905,56,99.78136488586344,0,No,No,Month-to-month,1
CUST_27_485,25,63.5583314812933,0,No,Yes,Month-to-month,0
CUST_28_291,67,101.78342161750216,0,No,Yes,Month-to-month,0
CUST_29_376,67,32.02090553706084,1,No,Yes,One year,0
CUST_30_260,27,74.44890979608495,1,Yes,No,Two year,0
CUST_31_559,32,20.575866049812156,0,Yes,No,Two year,1
CUST_32_413,50,52.45858299002703,0,Yes,No,Two year,0
CUST_33_121,61,56.646153487139784,1,No,No,Two year,0
CUST_34_352,51,59.61726916092554,0,No,Yes,Two year,0
CUST_35_847,19,89.54672066898621,1,No,No,Two year,1
CUST_36_956,21,58.85581012703457,0,No,Yes,One year,0
CUST_37_660,5,64.86936226225306,0,No,No,Month-to-month,1
CUST_38_574,42,43.754413087432745,0,No,No,Two year,0
CUST_39_158,61,57.325179162934006,0,Yes,No,One year,1
CUST_40_610,22,42.72696272631515,0,Yes,Yes,Two year,0
CUST_41_781,21,27.31959237684436,0,Yes,Yes,Two year,0
CUST_42_575,70,80.3448593381378,0,Yes,Yes,Month-to-month,0
CUST_43_799,1,86.82127985550163,0,Yes,Yes,Month-to-month,0
CUST_44_882,5,81.94903460096145,0,No,Yes,Month-to-month,1
CUST_45_289,12,66.34940438005724,1,No,No,Two year,1
CUST_46_786,46,57.978578017922985,1,No,Yes,Two year,0
CUST_47_662,34,106.33336495718252,0,No,Yes,Two year,0
CUST_48_975,49,71.9081785136218,1,No,Yes,Month-to-month,0
CUST_49_666,45,67.91818776297309,0,No,Yes,One year,1
CUST_50_343,27,22.564206580643567,0,Yes,No,Two year,0
CUST_51_931,26,54.12478276261564,1,No,Yes,Two year,0
CUST_52_604,47,58.019561878585705,0,No,No,Two year,0
CUST_53_230,56,59.88227808969005,0,No,No,One year,0
CUST_54_584,63,78.01723692273323,1,No,No,Two year,0
CUST_55_918,48,73.36025467268784,0,Yes,Yes,One year,0
CUST_56_746,61,80.79050927934446,1,Yes,No,Two year,0
CUST_57_120,26,96.48832615421284,1,No,Yes,One year,1
CUST_58_940,36,101.29857387160936,0,Yes,Yes,Two year,0
CUST_59_266,1,91.81230762264944,1,Yes,Yes,Month-to-month,0
CUST_60_373,8,115.55236959549347,0,No,Yes,Month-to-month,0
CUST_61_487,52,21.823258267636163,0,No,Yes,Month-to-month,1
CUST_62_700,47,39.57779856835461,0,No,No,Month-to-month,0
CUST_63_415,56,20.756287497814213,1,No,No,Two year,0
CUST_64_113,14,84.7474714154603,0,No,Yes,Month-to-month,0
CUST_65_341,28,109.8030548949987,0,Yes,No,One year,0
CUST_66_876,2,44.34822965762993,0,No,Yes,Month-to-month,0
CUST_67_445,26,112.70345447963066,0,No,No,Month-to-month,1
CUST_68_664,14,26.026739028956086,0,No,No,Month-to-month,1
CUST_69_997,59,113.44360268055144,0,Yes,No,Two year,0
CUST_70_439,56,55.16226872396344,0,No,No,Month-to-month,0
CUST_71_191,7,30.142082844921653,0,No,No,One year,1
CUST_72_466,3,68.58717591863257,1,No,Yes,Month-to-month,0
CUST_73_554,23,45.6776567720508,0,Yes,Yes,Month-to-month,1
CUST_74_527,18,48.48729019619228,0,No,No,Month-to-month,0
CUST_75_608,38,50.72899649262866,1,No,Yes,One year,1
CUST_76_875,15,100.30258978326634,0,No,No,Month-to-month,1
CUST_77_134,64,73.91612766752544,1,Yes,Yes,One year,1
CUST_78_305,28,51.13076991560037,0,No,No,One year,0
CUST_79_180,39,81.03337833109184,1,No,No,Month-to-month,0
CUST_80_661,57,91.61506742231936,0,No,No,One year,1
CUST_81_971,17,47.262400073353376,0,Yes,Yes,Two year,0
CUST_82_487,44,61.354910152535155,0,No,Yes,Month-to-month,0
CUST_83_101,25,32.18860933369476,1,No,No,Month-to-month,0
CUST_84_489,17,38.11493495346803,0,No,No,One year,1
CUST_85_665,13,88.11178539649828,0,Yes,Yes,One year,1
CUST_86_205,25,38.143834769562694,0,Yes,Yes,Month-to-month,0
CUST_87_871,68,72.51633836670602,0,No,Yes,Two year,1
CUST_88_921,10,90.90462617224328,0,Yes,Yes,One year,1
CUST_89_576,67,30.687692309474382,0,Yes,Yes,One year,0
CUST_90_802,18,76.73122196289036,1,Yes,No,Two year,0
CUST_91_501,34,45.65627837013638,0,No,Yes,Two year,0
CUST_92_829,8,116.29268752375798,0,No,No,Month-to-month,0
CUST_93_655,40,68.35456467199248,0,Yes,No,Two year,1
CUST_94_261,42,100.5992549775158,0,Yes,Yes,Month-to-month,0
CUST_95_301,41,75.02265421562618,0,Yes,Yes,Two year,0
CUST_96_369,6,24.341253285481915,0,No,No,One year,1
CUST_97_962,52,83.31513755940223,0,No,Yes,Month-to-month,0
CUST_98_915,26,115.14033422066572,0,Yes,No,Month-to-month,1
CUST_99_370,64,80.16118201463311,0,Yes,Yes,Month-to-month,0
CUST_100_555,59,101.91888594267904,1,Yes,Yes,Two year,1
CUST_101_561,56,108.42064633484078,1,Yes,Yes,One year,0
CUST_102_826,59,42.80797719489325,0,No,No,Month-to-month,1
CUST_103_351,70,41.204483990822666,1,Yes,Yes,Month-to-month,0
CUST_104_801,33,81.09809888509918,0,No,No,Month-to-month,0
CUST_105_395,53,61.10284698067047,0,Yes,Yes,Month-to-month,1
CUST_106_824,22,103.98613028667204,0,Yes,No,One year,0
CUST_107_819,21,110.00231233980112,0,Yes,Yes,Two year,0
CUST_108_848,70,55.34213793027181,0,Yes,No,One year,0
CUST_109_437,70,43.68705589744821,0,Yes,No,Month-to-month,1
CUST_110_978,4,98.0525515243862,0,No,No,One year,0
CUST_111_152,62,47.48060355481361,0,Yes,No,Month-to-month,0
CUST_112_891,62,102.26143185136785,0,Yes,No,Two year,0
CUST_113_316,24,62.37382536487628,0,Yes,No,Two year,0
CUST_114_863,55,86.75498992914704,0,No,Yes,Two year,0
CUST_115_287,9,29.55353138346682,0,No,No,Month-to-month,0
CUST_116_479,3,82.3859324676573,1,No,No,One year,0
CUST_117_592,31,65.17676787372291,1,No,No,Two year,0
CUST_118_140,40,78.66084631754741,0,Yes,Yes,Month-to-month,0
CUST_119_256,36,36.801420774486346,1,Yes,Yes,Month-to-month,1
CUST_120_114,24,93.6873744944182,0,Yes,Yes,One year,0
CUST_121_912,6,106.27970775432286,0,No,No,Two year,0
CUST_122_164,66,41.67398000907757,0,Yes,Yes,Month-to-month,0
CUST_123_956,4,29.57145555201617,0,Yes,Yes,One year,0
CUST_124_938,6,22.36385860463364,1,No,No,Two year,0
CUST_125_620,51,84.1971500443266,0,No,No,One year,0
CUST_126_443,62,80.70940360887808,0,No,Yes,One year,0
CUST_127_228,57,74.669741271407,0,Yes,No,Month-to-month,0
CUST_128_747,66,43.19470961159754,0,Yes,No,Month-to-month,0
CUST_129_571,8,59.09059959055147,1,No,No,Month-to-month,0
CUST_130_162,26,79.44763351861731,0,Yes,No,One year,0
CUST_131_238,51,69.67668588591694,0,No,Yes,Month-to-month,0
CUST_132_598,45,118.77855202148874,0,No,No,One year,1
CUST_133_692,44,33.64397525567331,0,Yes,Yes,One year,0
CUST_134_491,5,89.51445540475937,0,No,Yes,Month-to-month,0
CUST_135_774,70,60.431876810429216,0,No,Yes,Two year,1
CUST_136_518,26,62.819961492561475,0,No,Yes,Two year,0
CUST_137_388,68,91.75977656581762,0,Yes,No,Two year,0
CUST_138_478,19,89.24361513243696,1,No,No,One year,1
CUST_139_872,20,119.12559937021884,1,No,No,One year,1
CUST_140_589,12,32.83942894541252,0,No,Yes,One year,0
CUST_141_330,47,30.410964938416633,0,No,Yes,Month-to-month,0
CUST_142_140,1,92.43388171287413,0,No,Yes,One year,0
CUST_143_127,14,77.83869170064091,0,No,No,Month-to-month,1
CUST_144_234,64,47.416066655980586,0,No,Yes,Month-to-month,0
CUST_145_300,38,27.94193689889866,0,Yes,No,Two year,0
CUST_146_939,37,28.565824959643052,0,Yes,No,Two year,1
CUST_147_879,11,109.41908746641182,0,No,No,Two year,0
CUST_148_132,3,39.18673247187429,0,Yes,No,Month-to-month,0
CUST_149_147,33,52.33715621155208,0,Yes,Yes,Month-to-month,0
CUST_150_602,6,42.665640222698805,0,No,No,Month-to-month,0
CUST_151_506,50,55.49963058319373,0,Yes,Yes,One year,1
CUST_152_673,10,26.94238427460934,0,No,No,Month-to-month,0
CUST_153_827,5,71.90597909082703,0,No,Yes,Two year,1
CUST_154_904,23,26.76125635922149,0,No,Yes,Two year,0
CUST_155_198,10,100.03565078223616,0,No,No,Month-to-month,0
CUST_156_783,44,43.3712081910433,0,No,No,Month-to-month,1
CUST_157_971,2,74.00119146045105,0,Yes,No,Two year,0
CUST_158_825,13,108.00790875614582,1,No,Yes,Month-to-month,0
CUST_159_646,40,85.08773690471942,0,Yes,No,Two year,0
CUST_160_838,2,73.29577865513353,0,No,No,One year,1
CUST_161_712,65,52.43337531153756,0,No,Yes,Two year,0
CUST_162_561,63,53.300191305819794,0,No,No,One year,0
CUST_163_742,17,86.94869551981901,0,Yes,Yes,Month-to-month,0
CUST_164_868,9,119.41393612211677,0,No,No,Month-to-month,0
CUST_165_104,15,86.18391898493786,0,No,Yes,One year,1
CUST_166_317,24,75.77834173700249,1,No,Yes,Month-to-month,0
CUST_167_602,38,93.0650510239246,0,No,No,One year,0
CUST_168_866,35,66.52056122837182,0,Yes,Yes,Month-to-month,0
CUST_169_497,49,26.01423426007852,1,No,No,Two year,0
CUST_170_970,69,76.22968158779098,0,Yes,No,Month-to-month,1
CUST_171_894,62,115.762528450538,1,No,Yes,Two year,0
CUST_172_492,60,37.530294235765965,0,Yes,No,Two year,1
CUST_173_306,50,89.00048908206658,1,Yes,Yes,One year,0
CUST_174_114,9,40.093368865905646,0,No,Yes,Month-to-month,0
CUST_175_957,34,73.58276844730813,0,No,Yes,One year,1
CUST_176_653,35,29.66764496467196,0,Yes,Yes,Month-to-month,0
CUST_177_991,1,65.03709362581851,0,No,Yes,Two year,0
CUST_178_560,40,95.6163328895246,0,No,Yes,Two year,1
CUST_179_790,64,54.757152423898205,0,No,Yes,Month-to-month,0
CUST_180_674,22,86.4911724487218,0,Yes,Yes,Month-to-month,0
CUST_181_963,60,99.54499607897291,0,No,No,One year,0
CUST_182_842,64,112.71778194794528,0,No,No,Month-to-month,0
CUST_183_340,11,43.46420818554535,0,No,Yes,Month-to-month,0
CUST_184_663,14,59.931591580930814,1,Yes,No,Month-to-month,0
CUST_185_195,60,35.24160133304174,0,No,No,One year,0
CUST_186_833,30,119.24835021583752,1,Yes,No,Month-to-month,1
CUST_187_584,35,112.70009679242952,0,No,No,Two year,0
CUST_188_506,37,73.99571302805596,0,Yes,No,One year,0
CUST_189_330,5,104.20332943764213,0,No,No,One year,0
CUST_190_848,26,72.09579772720421,0,No,Yes,Two year,0
CUST_191_754,62,82.35856880027598,0,Yes,No,Two year,0
CUST_192_270,4,28.912443211601666,0,Yes,No,Two year,1
CUST_193_640,42,95.5270420496808,0,Yes,No,Month-to-month,0
CUST_194_135,18,32.77134836352348,1,No,No,Two year,1
CUST_195_624,40,102.60676302525285,0,No,Yes,Month-to-month,1
CUST_196_259,39,98.2028087670386,0,No,Yes,One year,0
CUST_197_938,14,90.87446977429764,0,No,Yes,One year,0
CUST_198_798,32,23.616038052476213,0,Yes,Yes,Two year,0
CUST_199_342,51,50.312835594532864,0,No,No,Month-to-month,0
CUST_200_185,38,46.311256991084285,0,No,Yes,Two year,1
CUST_201_895,23,56.01364074715191,0,No,Yes,Two year,1
CUST_202_677,63,28.764274676383856,0,No,Yes,Month-to-month,0
CUST_203_781,15,113.69578230310628,0,No,Yes,Two year,0
CUST_204_656,25,75.38022407123762,1,No,No,One year,1
CUST_205_673,17,50.55243106580235,1,No,Yes,Two year,1
CUST_206_745,66,59.698151707428345,0,Yes,No,Month-to-month,0
CUST_207_895,53,64.72025405048356,0,No,Yes,Month-to-month,0
CUST_208_127,51,80.05943333606173,0,No,No,One year,0
CUST_209_719,39,71.56794276964978,1,No,No,Month-to-month,1
CUST_210_655,51,111.93919732144174,0,No,Yes,Month-to-month,0
CUST_211_439,70,69.69634829058303,0,Yes,Yes,One year,0
CUST_212_897,6,119.21580148233129,0,Yes,Yes,Two year,0
CUST_213_430,67,105.14249577450956,0,Yes,Yes,One year,0
CUST_214_739,7,40.85105143573358,0,Yes,No,Two year,0
CUST_215_605,51,113.05952146439162,0,Yes,No,One year,1
CUST_216_447,42,31.63663978854761,0,Yes,Yes,Two year,0
CUST_217_572,64,101.74497084911916,0,No,Yes,One year,0
CUST_218_330,15,58.06232934765801,0,Yes,No,Two year,0
CUST_219_289,29,107.79743204450696,0,Yes,Yes,One year,0
CUST_220_324,33,106.80566901074504,0,No,No,Two year,0
CUST_221_484,27,100.59254001176213,0,Yes,Yes,One year,0
CUST_222_476,36,99.00304363070614,1,No,No,Month-to-month,0
CUST_223_382,29,50.46791390980408,0,No,No,Two year,0
CUST_224_732,38,28.09192830512522,0,Yes,No,One year,0
CUST_225_727,57,60.29801787651615,0,No,No,Two year,0
CUST_226_844,27,37.352451498650865,0,Yes,No,Two year,1
CUST_227_358,55,89.49510889024617,0,Yes,Yes,One year,1
CUST_228_458,33,54.60997265377856,0,No,No,Two year,0
CUST_229_809,68,117.56102008599149,1,No,Yes,One year,0
CUST_230_555,66,84.0972077345332,0,Yes,No,Month-to-month,1
CUST_231_510,10,102.24805636343608,0,No,No,Two year,0
CUST_232_748,5,33.252467274184845,0,No,Yes,Month-to-month,1
CUST_233_417,38,106.20144822726226,0,Yes,Yes,Two year,1
CUST_234_776,13,112.27571905133944,0,Yes,Yes,Two year,0
CUST_235_324,31,68.70619188189359,0,No,Yes,Two year,0
CUST_236_918,47,80.62529377509775,0,Yes,No,One year,1
CUST_237_333,52,96.48098009029954,0,Yes,Yes,Month-to-month,0
CUST_238_783,56,37.48386272604125,0,Yes,No,Two year,0
CUST_239_763,15,70.25660764634424,0,Yes,Yes,One year,0
CUST_240_926,29,59.86630277723131,0,Yes,Yes,Two year,0
CUST_241_473,8,34.637399216224914,0,Yes,No,One year,0
CUST_242_771,5,56.753442229153144,1,Yes,No,Two year,1
CUST_243_707,29,26.81723093854936,0,No,Yes,Month-to-month,1
CUST_244_571,47,22.5811906949487,0,Yes,No,Month-to-month,0
CUST_245_332,68,33.51662891548228,0,No,No,Two year,0
CUST_246_791,45,116.31151115891738,0,No,No,One year,0
CUST_247_212,2,74.9529535895017,0,No,No,Two year,0
CUST_248_929,27,116.582216115322,0,Yes,No,One year,0
CUST_249_596,36,63.2497878330132,1,Yes,No,Two year,1
CUST_250_541,36,51.181613308525954,0,No,No,One year,1
CUST_251_663,26,70.61418628402441,0,Yes,No,Month-to-month,0
CUST_252_367,43,63.95116886329101,0,No,Yes,Two year,0
CUST_253_609,27,30.566468426174392,1,Yes,No,Month-to-month,0
CUST_254_906,69,84.08263146902063,0,Yes,Yes,Month-to-month,0
CUST_255_485,20,41.60381825095996,0,No,No,Two year,0
CUST_256_486,11,81.95879548978296,0,No,No,Two year,0
CUST_257_212,38,85.02010923981534,0,No,No,One year,1
CUST_258_712,6,35.20248531286481,0,Yes,No,One year,0
CUST_259_724,23,26.134962711066816,0,No,Yes,Month-to-month,0
CUST_260_180,47,98.07615860684398,0,Yes,Yes,One year,1
CUST_261_798,46,65.98004237693202,0,Yes,No,One year,0
CUST_262_212,12,25.81637955054758,0,Yes,Yes,Two year,0
CUST_263_101,13,119.48663171697672,0,No,No,One year,0
CUST_264_741,62,25.778056099636665,0,No,No,Month-to-month,0
CUST_265_319,60,89.50352288585532,1,No,Yes,One year,1
CUST_266_665,43,118.36789252634136,1,Yes,Yes,Month-to-month,0
CUST_267_954,68,43.91801042159256,0,Yes,No,Two year,1
CUST_268_835,5,34.22493686871962,1,No,No,Month-to-month,0
CUST_269_324,37,32.13849394224289,0,Yes,Yes,One year,0
CUST_270_484,31,50.327514756759555,0,Yes,No,Two year,1
CUST_271_502,9,30.104581101064667,0,No,Yes,One year,0
CUST_272_737,51,89.2161341694132,0,No,No,Two year,0
CUST_273_229,29,26.22917981300627,0,No,No,Two year,0
CUST_274_152,40,70.94221281497897,0,Yes,Yes,One year,0
CUST_275_783,41,119.66968538529768,0,Yes,Yes,One year,0
CUST_276_829,11,101.39702695060188,0,Yes,Yes,Two year,0
CUST_277_771,23,81.52194382310108,0,Yes,No,Two year,0
CUST_278_809,1,50.62536207866117,0,Yes,No,One year,0
CUST_279_515,46,82.38958362916385,0,No,No,Month-to-month,1
CUST_280_346,21,72.70414639116517,0,Yes,No,One year,0
CUST_281_935,36,62.60833838903715,1,Yes,Yes,Two year,1
CUST_282_538,54,33.07103767401995,1,Yes,No,One year,0
CUST_283_302,57,108.66042152404668,0,No,No,Month-to-month,0
CUST_284_283,1,64.97846488213226,1,No,No,One year,1
CUST_285_222,63,39.46225118207651,0,No,Yes,Two year,0
CUST_286_500,54,56.77593508772896,1,Yes,No,One year,0
CUST_287_866,55,61.4129752528927,0,No,No,Two year,0
CUST_288_393,40,102.75378955668742,0,No,Yes,Two year,0
CUST_289_379,15,93.3614380561402,0,No,No,One year,0
CUST_290_936,21,96.93048936413398,0,Yes,No,Two year,0
CUST_291_983,47,21.10312644286472,0,No,Yes,Two year,1
CUST_292_709,53,61.615399817976154,0,Yes,No,Month-to-month,0
CUST_293_297,9,68.13441516353237,0,Yes,No,Month-to-month,1
CUST_294_610,52,21.919227682305667,0,No,No,Month-to-month,1
CUST_295_851,57,45.981320874503425,0,Yes,Yes,Month-to-month,0
CUST_296_243,26,96.0289823122135,1,No,No,Two year,0
CUST_297_708,41,33.7109705728999,0,Yes,No,One year,1
CUST_298_300,35,73.53101314525917,0,No,Yes,Two year,1
CUST_299_223,63,41.52018720172375,0,No,Yes,Two year,0
CUST_300_286,25,21.212077464389328,0,No,No,Two year,0
CUST_301_425,38,44.12014575995415,0,Yes,No,One year,0
CUST_302_563,2,117.58737549100536,1,No,No,Month-to-month,0
CUST_303_448,7,100.15371118829896,0,Yes,No,Two year,0
CUST_304_870,34,115.95766443210334,0,No,Yes,Two year,1
CUST_305_759,17,68.78540439263624,1,Yes,No,Month-to-month,0
CUST_306_863,43,30.97361986775035,0,Yes,Yes,Two year,0
CUST_307_502,59,74.7959488973693,0,No,Yes,One year,0
CUST_308_445,51,65.43773345599608,0,No,No,Two year,0
CUST_309_610,54,104.4357082739616,0,No,No,Two year,0
CUST_310_246,24,29.80825807842446,0,No,Yes,Month-to-month,0
CUST_311_247,25,68.82411370217781,0,No,Yes,Two year,0
CUST_312_963,71,35.00486646939842,0,Yes,No,Two year,0
CUST_313_810,52,52.467592689006,1,No,Yes,One year,0
CUST_314_919,70,93.73570773877996,0,No,No,Month-to-month,1
CUST_315_588,33,67.60181293687666,0,Yes,No,Month-to-month,0
CUST_316_739,49,57.58882851457693,0,No,Yes,One year,0
CUST_317_650,29,59.44762785700353,0,No,Yes,Two year,0
CUST_318_437,63,65.94467684059866,0,Yes,No,Month-to-month,1
CUST_319_971,22,98.50165438370568,0,No,Yes,Month-to-month,0
CUST_320_740,26,109.20846889402344,1,No,No,Two year,0
CUST_321_878,28,115.53346865039283,0,No,No,Two year,0
CUST_322_572,49,98.6903386255295,0,Yes,No,Month-to-month,0
CUST_323_250,71,51.54068957480127,0,No,Yes,Two year,0
CUST_324_514,49,88.81347060865421,0,Yes,No,Month-to-month,0
CUST_325_397,20,63.7603124055392,0,No,No,Two year,0
CUST_326_710,63,45.46706220460512,0,Yes,No,Two year,0
CUST_327_362,61,104.08715794259226,0,No,No,One year,1
CUST_328_863,49,23.8426348962325,0,Yes,No,Two year,0
CUST_329_243,71,110.17619921354236,1,Yes,No,One year,1
CUST_330_445,1,66.14774646247342,1,Yes,No,Two year,0
CUST_331_723,13,83.72014768082805,0,Yes,No,Month-to-month,1
CUST_332_671,51,85.93539222057827,1,Yes,No,Month-to-month,0
CUST_333_980,56,109.51177407065364,0,Yes,No,Two year,0
CUST_334_101,62,83.66696821672073,1,No,No,Two year,0
CUST_335_996,32,81.39335847600617,0,No,Yes,Month-to-month,1
CUST_336_403,30,26.665204056069,1,Yes,No,Two year,0
CUST_337_353,29,71.8408021945204,1,Yes,No,One year,0
CUST_338_751,49,35.016900081704165,0,Yes,No,One year,0
CUST_339_552,45,93.74337687214856,1,Yes,Yes,One year,0
CUST_340_136,30,71.22219208126745,0,No,No,One year,0
CUST_341_259,16,88.02277792083532,0,Yes,Yes,One year,0
CUST_342_108,40,24.167290060238425,0,No,No,Two year,0
CUST_343_332,19,28.47920160458032,0,No,No,Two year,0
CUST_344_198,18,91.63233880626822,0,Yes,Yes,One year,0
CUST_345_758,1,27.208433599867337,0,Yes,No,Two year,0
CUST_346_915,47,27.12567277652586,1,No,Yes,Two year,0
CUST_347_307,66,21.210847523488745,0,No,Yes,One year,0
CUST_348_230,38,115.65013982994802,0,Yes,No,Two year,0
CUST_349_503,51,93.75083594590068,1,Yes,No,Two year,0
CUST_350_251,63,55.32514085020642,1,Yes,No,Two year,1
CUST_351_153,4,49.653558128765525,1,No,No,One year,1
CUST_352_219,1,54.97032297458495,0,No,Yes,Two year,1
CUST_353_772,8,97.4653531181182,1,Yes,Yes,Month-to-month,0
CUST_354_727,29,86.13706110704143,0,No,No,Month-to-month,0
CUST_355_686,55,38.51955678674679,0,No,Yes,One year,0
CUST_356_724,3,37.41093353340843,0,Yes,Yes,Month-to-month,0
CUST_357_519,32,29.839564971339733,0,Yes,No,One year,0
CUST_358_521,10,86.03027197013381,0,No,Yes,Month-to-month,1
CUST_359_203,34,96.4372662221736,0,No,Yes,Month-to-month,1
CUST_360_951,55,46.5046428325004,0,Yes,No,Month-to-month,1
CUST_361_353,32,22.09449610309128,0,Yes,Yes,One year,0
CUST_362_326,50,28.217166747642736,0,Yes,No,One year,0
CUST_363_211,7,116.78600348450304,0,Yes,Yes,Two year,0
CUST_364_609,8,49.54447774774203,0,Yes,No,One year,0
CUST_365_572,65,96.92231478381336,0,No,Yes,Month-to-month,0
CUST_366_198,57,82.46635688542638,0,No,Yes,Month-to-month,0
CUST_367_252,67,58.19396396528959,0,No,No,One year,0
CUST_368_960,59,40.56872621955551,1,No,No,One year,0
CUST_369_995,54,32.138641815940645,0,Yes,No,One year,0
CUST_370_977,67,81.50129680388666,0,Yes,No,Two year,1
CUST_371_437,51,97.4633780637788,0,Yes,Yes,Month-to-month,0
CUST_372_805,8,84.39042535411306,0,No,Yes,Two year,1
CUST_373_921,34,73.03021332491583,1,No,Yes,Two year,0
CUST_374_262,35,24.195122343163625,0,No,No,Month-to-month,0
CUST_375_819,32,116.84887775943838,0,Yes,Yes,Month-to-month,0
CUST_376_780,46,99.87141916545744,0,No,Yes,One year,0
CUST_377_260,16,49.28220367009647,0,Yes,No,One year,1
CUST_378_679,68,117.99703293588506,0,Yes,No,Two year,0
CUST_379_900,37,80.1881589636322,0,Yes,Yes,One year,0
CUST_380_497,54,78.24226582072465,0,Yes,No,One year,0
CUST_381_376,14,94.8073179429532,0,Yes,Yes,Month-to-month,1
CUST_382_915,55,101.17697880901376,0,Yes,Yes,Month-to-month,0
CUST_383_603,48,85.64786073315027,1,No,No,One year,1
CUST_384_995,7,32.80957463662,1,Yes,Yes,Month-to-month,0
CUST_385_491,7,53.82675059944984,0,Yes,No,One year,0
CUST_386_234,33,112.80836403260496,0,No,No,Month-to-month,0
CUST_387_294,23,42.46156118438519,0,Yes,Yes,Month-to-month,0
CUST_388_500,19,57.21670238375133,0,No,Yes,Month-to-month,0
CUST_389_739,19,63.2076882944196,0,No,Yes,Month-to-month,1
CUST_390_132,36,63.940498969445215,1,No,No,One year,0
CUST_391_787,29,81.29395824945256,1,Yes,Yes,Two year,0
CUST_392_559,60,114.30758377447076,0,Yes,No,Month-to-month,0
CUST_393_982,2,44.06927118325049,0,No,No,One year,0
CUST_394_569,1,32.150137630091805,0,Yes,Yes,One year,0
CUST_395_474,47,39.74704898599373,0,Yes,No,Month-to-month,0
CUST_396_121,69,108.69249002092695,0,No,Yes,Two year,0
CUST_397_849,20,84.5810812655206,0,No,Yes,Month-to-month,0
CUST_398_769,11,48.590678923916016,0,Yes,Yes,One year,0
CUST_399_137,2,101.59469389686171,0,No,Yes,Two year,0
CUST_400_329,67,106.1369996363436,0,No,Yes,One year,0
CUST_401_464,12,104.6514338690278,1,No,Yes,Month-to-month,0
CUST_402_662,20,111.89265336395545,0,Yes,Yes,Two year,0
CUST_403_537,5,45.22410201733616,0,Yes,No,One year,1
CUST_404_875,37,95.50419287462783,0,Yes,Yes,One year,1
CUST_405_382,38,66.05394972741401,0,No,No,One year,0
CUST_406_126,9,104.19985528900617,0,Yes,No,Month-to-month,0
CUST_407_325,53,92.84906771616131,0,No,No,Two year,1
CUST_408_376,44,97.64474464997248,1,Yes,Yes,Month-to-month,1
CUST_409_897,24,85.61618376810715,0,Yes,No,Month-to-month,1
CUST_410_708,30,37.74287694697069,1,No,No,Month-to-month,0
CUST_411_383,59,74.50269188969384,0,Yes,Yes,Two year,0
CUST_412_978,14,118.4669739524508,0,No,Yes,Month-to-month,1
CUST_413_580,9,113.73880664971188,0,Yes,No,Month-to-month,0
CUST_414_552,40,24.31737357970117,0,Yes,Yes,Month-to-month,0
CUST_415_928,66,36.481481572943714,0,No,Yes,Month-to-month,0
CUST_416_915,25,33.17287734545619,0,No,Yes,One year,0
CUST_417_758,22,92.59799099852955,0,No,Yes,Month-to-month,0
CUST_418_615,4,101.77853298569453,1,Yes,No,One year,0
CUST_419_646,26,41.35113663106719,1,Yes,Yes,Month-to-month,0
CUST_420_291,58,70.5852692951829,1,Yes,Yes,Two year,0
CUST_421_148,29,104.07030280112,0,No,Yes,One year,0
CUST_422_611,37,93.28015447662506,0,No,No,One year,0
CUST_423_116,70,74.22372054918483,0,No,No,One year,0
CUST_424_271,18,79.03476904587728,0,Yes,Yes,One year,0
CUST_425_319,42,70.836054691628,0,Yes,Yes,Two year,1
CUST_426_257,41,49.75484513188206,0,No,No,Month-to-month,0
CUST_427_576,38,76.50219928590161,0,Yes,Yes,One year,0
CUST_428_145,34,88.88853020500906,0,No,Yes,Two year,0
CUST_429_472,17,107.33229158608076,1,Yes,No,One year,1
CUST_430_617,37,83.62913539792481,0,Yes,Yes,Month-to-month,0
CUST_431_198,25,96.1121537043158,0,No,Yes,One year,0
CUST_432_991,27,36.0071634954573,0,Yes,No,Two year,0
CUST_433_844,57,66.15574744197899,1,Yes,No,Month-to-month,0
CUST_434_136,31,20.93316198270933,0,No,Yes,Two year,1
CUST_435_379,6,44.6678864521623,0,No,No,Month-to-month,1
CUST_436_448,40,92.64617151130048,1,Yes,Yes,Month-to-month,0
CUST_437_596,12,119.18099513493634,1,No,Yes,Month-to-month,0
CUST_438_401,53,29.91780995872159,0,Yes,Yes,One year,0
CUST_439_280,71,60.14943158612883,0,No,No,Two year,0
CUST_440_706,10,100.00709686991596,0,Yes,No,Two year,0
CUST_441_198,45,40.403563462889885,0,Yes,Yes,Two year,0
CUST_442_799,17,75.50849493022862,0,No,Yes,Month-to-month,0
CUST_443_215,26,93.30712960296748,1,Yes,No,One year,0
CUST_444_290,62,81.5985450260179,0,Yes,No,Month-to-month,1
CUST_445_352,46,38.80247346154162,0,No,No,Two year,0
CUST_446_260,64,55.538456868573945,0,No,Yes,One year,1
CUST_447_355,2,98.37917844853972,0,Yes,No,One year,0
CUST_448_422,54,75.42265141320166,0,No,No,One year,0
CUST_449_227,65,20.522961354291272,0,No,Yes,Two year,1
CUST_450_117,51,96.09907600280938,0,Yes,Yes,One year,0
CUST_451_892,53,23.531135494023907,0,Yes,Yes,One year,0
CUST_452_834,36,94.5733782731232,0,No,No,Month-to-month,0
CUST_453_665,26,40.24805601652374,0,No,Yes,Month-to-month,1
CUST_454_669,29,115.80734801193802,1,No,Yes,One year,0
CUST_455_422,21,56.79407513020845,0,Yes,Yes,One year,0
CUST_456_971,11,52.69316163380791,0,Yes,Yes,Month-to-month,1
CUST_457_785,40,34.888805033244466,0,Yes,No,Month-to-month,0
CUST_458_891,11,50.56042154902149,0,Yes,Yes,Month-to-month,0
CUST_459_725,36,107.66507618282006,0,Yes,No,Two year,0
CUST_460_387,59,119.63343376272474,0,Yes,No,Two year,1
CUST_461_953,39,56.83095305068483,1,Yes,No,Month-to-month,1
CUST_462_762,54,64.86106309545426,0,No,Yes,One year,1
CUST_463_738,55,92.2070938202737,0,No,No,Month-to-month,0
CUST_464_254,24,108.61957804650746,0,Yes,Yes,Two year,1
CUST_465_589,22,79.30443341867841,1,Yes,Yes,One year,0
CUST_466_485,69,59.15256981778293,0,Yes,Yes,Two year,0
CUST_467_884,56,61.262184084862376,0,No,No,One year,0
CUST_468_203,33,89.56181464968068,0,Yes,Yes,Two year,0
CUST_469_492,36,20.321826360427867,0,No,Yes,One year,1
CUST_470_910,20,81.95893374598407,1,No,Yes,One year,1
CUST_471_345,62,55.54930104413574,0,No,No,One year,0
CUST_472_275,26,99.41973312770844,0,No,No,One year,0
CUST_473_138,66,29.299063982313218,1,No,No,Two year,0
CUST_474_576,40,78.82022669483905,1,Yes,Yes,Two year,1
CUST_475_781,17,68.09728898861238,1,Yes,No,One year,0
CUST_476_858,1,84.23255259052274,0,No,Yes,One year,0
CUST_477_637,61,26.485359448296833,0,Yes,Yes,Two year,0
CUST_478_966,43,77.99837874281313,0,No,No,One year,0
CUST_479_917,42,76.14845879595237,0,No,Yes,One year,0
CUST_480_507,25,76.0660094416171,0,Yes,No,One year,1
CUST_481_624,39,80.34876665964548,0,Yes,Yes,Month-to-month,0
CUST_482_927,35,87.64679372263622,0,Yes,No,One year,0
CUST_483_605,3,100.49889996807696,0,Yes,Yes,Month-to-month,0
CUST_484_924,44,46.98207201282143,0,Yes,Yes,One year,0
CUST_485_135,51,102.5049410180062,0,No,Yes,Two year,1
CUST_486_784,12,69.82556822634537,1,Yes,Yes,Month-to-month,0
CUST_487_119,19,27.705827913433115,0,Yes,Yes,Month-to-month,0
CUST_488_420,44,25.85509292439792,0,Yes,No,One year,0
CUST_489_875,59,53.42383186960608,0,No,Yes,One year,0
CUST_490_611,49,98.48969771114676,0,Yes,No,Month-to-month,0
CUST_491_499,61,90.76809347409156,0,No,No,Two year,0
CUST_492_753,17,98.86149646724064,0,Yes,No,Two year,0
CUST_493_982,57,71.72690564416094,0,Yes,Yes,One year,0
CUST_494_570,55,64.01989979554905,0,No,Yes,Two year,0
CUST_495_242,47,34.745252670628396,0,Yes,Yes,Two year,0
CUST_496_191,12,52.81927536093116,0,Yes,No,One year,0
CUST_497_453,62,63.40193661738753,1,No,Yes,Two year,0
CUST_498_933,8,28.860042967961725,1,Yes,Yes,One year,1
CUST_499_899,21,42.06119527112113,0,No,No,Month-to-month,1
CUST_500_826,70,79.82252940637387,0,No,No,One year,0
CUST_501_953,25,93.566311423919,0,No,No,Month-to-month,0
CUST_502_150,12,119.83475113929497,1,No,No,Month-to-month,0
CUST_503_764,15,113.31133313435576,0,No,No,Two year,0
CUST_504_797,59,84.25651995351916,0,Yes,No,Two year,1
CUST_505_674,26,62.1248053294072,1,Yes,Yes,Two year,0
CUST_506_289,26,83.61773647082327,0,Yes,No,One year,0
CUST_507_224,47,98.5651618080232,1,No,Yes,Two year,1
CUST_508_249,32,31.833619092338733,0,No,Yes,Month-to-month,1
CUST_509_413,10,60.99048896962883,0,No,Yes,Two year,0
CUST_510_669,16,103.98022856356172,0,No,No,Two year,0
CUST_511_441,71,58.3832951933044,1,Yes,Yes,One year,0
CUST_512_404,17,77.18722712271865,1,Yes,No,One year,0
CUST_513_791,23,78.77693608621982,0,No,No,Month-to-month,1
CUST_514_781,26,38.447625313363936,0,No,Yes,One year,1
CUST_515_937,7,56.22354416522884,0,Yes,No,Two year,1
CUST_516_882,14,53.451128874193216,1,No,Yes,One year,0
CUST_517_153,7,22.61967085320648,0,No,Yes,Month-to-month,1
CUST_518_543,9,22.41917638913553,0,No,No,Two year,0
CUST_519_712,48,103.16970436757737,0,Yes,Yes,Month-to-month,0
CUST_520_363,59,47.30708099728124,0,Yes,Yes,One year,0
CUST_521_152,39,71.80787662388154,0,No,Yes,One year,0
CUST_522_671,18,49.8725573588773,0,Yes,No,Month-to-month,1
CUST_523_719,59,114.06792451153404,0,No,Yes,Two year,0
CUST_524_104,17,45.92967588657737,1,No,No,One year,0
CUST_525_202,14,62.96568127389351,0,Yes,No,One year,0
CUST_526_295,31,107.27302504846018,0,No,Yes,Two year,0
CUST_527_873,24,104.19335667918088,1,No,Yes,One year,0
CUST_528_976,60,38.61014178462773,0,Yes,No,Month-to-month,0
CUST_529_983,45,100.26433097957104,0,No,No,One year,1
CUST_530_449,3,65.81868867378927,0,No,Yes,One year,0
CUST_531_146,37,68.29688720853552,1,No,Yes,Two year,0
CUST_532_966,43,33.34799724159438,0,Yes,No,Month-to-month,0
CUST_533_922,40,28.060151375712465,1,No,No,Two year,1
CUST_534_919,55,92.79393069737652,0,Yes,No,One year,0
CUST_535_755,39,69.64611523552998,0,No,No,One year,0
CUST_536_368,15,63.68507026151796,0,No,No,Two year,0
CUST_537_469,4,92.95082286523969,1,No,Yes,Two year,0
CUST_538_735,25,96.55128989911096,0,No,No,Two year,0
CUST_539_205,13,35.89081676693536,1,Yes,No,Month-to-month,1
CUST_540_769,33,81.02251494776412,0,Yes,Yes,One year,0
CUST_541_758,16,33.535408227768556,0,No,Yes,Two year,0
CUST_542_756,42,95.13750860290456,0,No,No,One year,1
CUST_543_219,66,85.69551562671396,1,No,No,Month-to-month,0
CUST_544_930,55,115.6614621083458,0,No,Yes,Month-to-month,0
CUST_545_886,42,26.89580163564212,0,No,No,Month-to-month,0
CUST_546_703,34,25.70547211512543,0,No,No,Month-to-month,0
CUST_547_157,30,48.218707469320016,1,No,Yes,One year,0
CUST_548_445,13,46.1705683735906,0,No,No,Month-to-month,0
CUST_549_840,13,44.69787990719998,0,Yes,Yes,Month-to-month,1
CUST_550_573,18,110.62545805210368,0,Yes,Yes,Two year,1
CUST_551_216,32,44.95461998495061,0,Yes,Yes,Month-to-month,0
CUST_552_929,39,47.1949726128631,0,No,Yes,Two year,0
CUST_553_890,46,95.93982624179635,1,No,No,Month-to-month,0
CUST_554_226,29,64.973984245054,1,No,Yes,Month-to-month,1
CUST_555_492,62,97.67105569551812,0,Yes,No,Two year,0
CUST_556_740,62,26.536615756438525,0,No,No,Month-to-month,0
CUST_557_157,57,68.75711936733843,0,Yes,No,One year,1
CUST_558_733,16,23.361360018328263,0,No,No,One year,0
CUST_559_612,56,26.265320345535457,0,Yes,No,Month-to-month,1
CUST_560_850,10,110.64374533444108,0,Yes,Yes,One year,0
CUST_561_901,30,33.92453711175952,0,Yes,Yes,Two year,1
CUST_562_195,25,73.24206822752171,0,No,Yes,Month-to-month,1
CUST_563_737,5,61.10956026007065,0,Yes,Yes,Month-to-month,0
CUST_564_217,65,54.73433262588427,0,No,No,Two year,0
CUST_565_659,49,109.98333456872724,0,No,Yes,Two year,0
CUST_566_700,3,22.18233967754895,0,No,No,Two year,1
CUST_567_587,45,86.37896861755891,0,No,No,Month-to-month,0
CUST_568_336,14,116.33944342135504,0,No,Yes,Two year,0
CUST_569_984,30,76.0168183461842,0,Yes,Yes,Two year,0
CUST_570_996,68,113.68224620330918,0,No,Yes,One year,0
CUST_571_371,18,25.225787928602376,0,No,Yes,One year,0
CUST_572_288,62,61.87933190741614,0,No,No,Month-to-month,0
CUST_573_803,37,46.015779096205115,0,No,No,One year,0
CUST_574_546,25,93.082096498073,1,No,Yes,One year,1
CUST_575_680,48,118.12970904972468,0,Yes,No,Two year,0
CUST_576_889,65,45.65300624442478,0,Yes,No,Two year,0
CUST_577_960,53,85.41746014740745,0,No,No,One year,1
CUST_578_346,15,39.809763275974014,0,Yes,Yes,One year,0
CUST_579_175,49,76.53302545716099,0,Yes,No,One year,1
CUST_580_253,68,66.39324866883362,0,No,Yes,Month-to-month,0
CUST_581_755,12,117.2005329631537,0,Yes,Yes,Month-to-month,0
CUST_582_534,59,80.85272726964665,0,No,No,Month-to-month,0
CUST_583_185,37,54.95063720868187,0,Yes,No,One year,0
CUST_584_796,61,31.409578488793336,0,Yes,Yes,One year,0
CUST_585_384,43,35.124682873493455,1,Yes,No,Month-to-month,0
CUST_586_319,70,42.53169299512351,0,No,No,Month-to-month,1
CUST_587_168,39,45.09666613402979,0,Yes,Yes,One year,0
CUST_588_146,56,105.06160578411378,0,Yes,Yes,Two year,0
CUST_589_193,63,76.12227882825249,1,No,Yes,Month-to-month,0
CUST_590_849,46,72.33909113743664,0,No,Yes,One year,1
CUST_591_552,11,31.476887186921747,0,Yes,No,One year,0
CUST_592_303,62,106.0139693349435,0,No,No,Two year,0
CUST_593_317,25,92.28143032084836,0,Yes,Yes,One year,0
CUST_594_573,71,26.76683619000016,0,Yes,Yes,One year,0
CUST_595_531,52,90.78350972297687,0,No,Yes,Month-to-month,0
CUST_596_440,4,74.35382173426461,0,No,No,Month-to-month,1
CUST_597_650,59,28.172534574677822,0,No,Yes,Two year,0
CUST_598_711,20,65.83006415286565,0,Yes,No,Two year,1
CUST_599_388,63,68.4696287130047,0,No,Yes,One year,0
CUST_600_353,54,36.57745401632758,0,Yes,Yes,Month-to-month,0
CUST_601_833,57,114.56981470002825,0,No,Yes,Two year,1
CUST_602_456,41,104.9975371480662,0,Yes,No,Two year,0
CUST_603_122,3,86.90223373291083,1,No,No,Two year,1
CUST_604_861,6,66.22955610006072,0,Yes,No,One year,0
CUST_605_621,5,61.17655415845085,0,No,Yes,Month-to-month,1
CUST_606_857,5,85.09734671509541,0,Yes,No,Two year,0
CUST_607_936,54,74.54318694069055,1,No,No,Month-to-month,0
CUST_608_199,47,26.22731058818856,0,No,Yes,Two year,0
CUST_609_901,49,71.25026487703317,0,Yes,Yes,Two year,0
CUST_610_279,9,100.64036172328396,0,No,No,Month-to-month,0
CUST_611_322,20,65.9239877596958,0,Yes,No,Month-to-month,0
CUST_612_861,61,25.19565775542684,0,Yes,No,Month-to-month,0
CUST_613_758,35,98.6278199384033,0,No,No,One year,0
CUST_614_541,50,40.13637821359744,0,Yes,Yes,Two year,1
CUST_615_707,62,45.86208348880387,1,No,Yes,One year,0
CUST_616_868,17,36.47063534322959,0,No,Yes,Month-to-month,0
CUST_617_424,3,53.02150648714976,0,Yes,No,Two year,0
CUST_618_615,32,95.6751505688635,0,No,No,One year,0
CUST_619_115,13,71.93858595039373,0,Yes,Yes,Two year,0
CUST_620_891,68,40.488127415071254,0,Yes,Yes,One year,0
CUST_621_435,14,107.78300781520409,0,No,No,Month-to-month,1
CUST_622_858,11,107.95818549515292,0,No,No,One year,1
CUST_623_357,56,107.05784250460069,1,Yes,Yes,Two year,0
CUST_624_596,67,43.87962113815393,1,Yes,Yes,Two year,0
CUST_625_995,29,65.12393441809881,0,No,Yes,Two year,0
CUST_626_259,9,118.49896561408752,0,No,No,Two year,0
CUST_627_574,67,97.20124763099903,1,No,No,Month-to-month,0
CUST_628_951,25,22.71674212255598,0,No,No,One year,0
CUST_629_763,42,26.520459126049204,1,Yes,No,Month-to-month,0
CUST_630_789,9,66.39313768123327,0,No,No,Month-to-month,0
CUST_631_774,40,110.922020586156,0,Yes,No,Month-to-month,0
CUST_632_479,25,73.87017979527143,0,Yes,Yes,Two year,1
CUST_633_644,5,69.78125080342902,0,No,Yes,Two year,0
CUST_634_790,11,30.547369995663058,0,Yes,No,Two year,1
CUST_635_526,59,85.6780104724294,0,No,Yes,One year,1
CUST_636_712,38,102.21031606002256,0,Yes,No,Two year,0
CUST_637_367,5,58.04200075075623,0,No,Yes,One year,0
CUST_638_934,48,97.56118509253275,0,Yes,No,Two year,0
CUST_639_676,18,116.44766539008116,1,Yes,Yes,Two year,1
CUST_640_516,70,40.37664591276891,0,No,Yes,Month-to-month,1
CUST_641_267,37,72.33296311947413,1,No,No,Month-to-month,0
CUST_642_941,60,48.713795808457554,0,Yes,No,Month-to-month,0
CUST_643_142,48,99.28544190338394,0,Yes,Yes,One year,1
CUST_644_655,28,77.75933658811574,1,No,Yes,One year,0
CUST_645_384,69,83.45824175503037,0,Yes,No,Two year,1
CUST_646_496,40,99.7914159615894,0,No,Yes,One year,1
CUST_647_111,45,59.59704726624549,0,Yes,No,Two year,0
CUST_648_706,62,111.50900684070432,0,No,No,One year,0
CUST_649_401,58,73.302886724614,0,Yes,Yes,One year,0
CUST_650_997,67,35.7954822835348,1,No,No,One year,0
CUST_651_352,56,89.58991181688025,0,No,Yes,Month-to-month,0
CUST_652_598,40,99.32613504382545,0,Yes,Yes,One year,1
CUST_653_853,40,51.676167706752665,0,No,No,Month-to-month,1
CUST_654_134,33,105.7179256998753,0,Yes,Yes,Month-to-month,1
CUST_655_826,6,110.61432547657664,0,No,No,One year,0
CUST_656_948,19,47.69044873778089,0,No,No,Two year,1
CUST_657_189,40,118.3521472715222,0,No,No,Two year,1
CUST_658_875,59,34.071152804875844,0,Yes,Yes,Two year,0
CUST_659_704,59,40.201566840248994,0,No,No,One year,0
CUST_660_701,48,38.422483923802616,0,Yes,Yes,Two year,0
CUST_661_517,41,109.39897100078704,0,No,No,Month-to-month,1
CUST_662_214,13,85.42925523249619,0,Yes,No,Two year,0
CUST_663_716,45,35.21042832222729,1,Yes,No,One year,0
CUST_664_295,53,64.0323418368349,0,Yes,Yes,Two year,0
CUST_665_925,42,81.5298025069802,0,No,Yes,Month-to-month,0
CUST_666_600,63,28.34640849893833,0,Yes,No,One year,0
CUST_667_725,27,108.24163684073388,0,No,No,Two year,0
CUST_668_592,38,100.36035354415353,0,Yes,Yes,One year,0
CUST_669_174,60,70.52067735766383,0,Yes,Yes,One year,0
CUST_670_512,7,116.71266152591704,0,Yes,Yes,One year,1
CUST_671_475,5,61.77609792750997,0,Yes,No,Two year,0
CUST_672_519,45,118.4110319036498,0,No,Yes,One year,0
CUST_673_828,58,86.79199988036271,0,Yes,No,Two year,0
CUST_674_376,31,83.46712732539415,0,Yes,Yes,Month-to-month,0
CUST_675_860,23,36.5954895295785,0,No,No,Two year,0
CUST_676_775,42,108.1927758304644,1,Yes,No,Month-to-month,0
CUST_677_493,10,62.74896879206152,1,Yes,No,Two year,1
CUST_678_968,32,36.223340578247935,1,Yes,Yes,One year,0
CUST_679_556,53,21.260751997575905,1,Yes,Yes,Two year,1
CUST_680_291,30,75.97556836383826,1,No,Yes,One year,1
CUST_681_838,39,72.73996221226763,0,No,No,Month-to-month,0
CUST_682_788,31,91.93536223691584,0,Yes,No,Two year,0
CUST_683_198,2,109.0258053017802,0,No,Yes,One year,0
CUST_684_647,12,27.940658464302953,0,No,No,Month-to-month,1
CUST_685_195,39,93.14964903403624,0,Yes,No,Month-to-month,1
CUST_686_763,66,38.74119440975822,0,No,No,Two year,0
CUST_687_762,13,105.8177053157164,0,Yes,Yes,Month-to-month,1
CUST_688_289,46,101.9063513861656,0,No,No,One year,0
CUST_689_835,27,74.07937549855444,1,No,Yes,Month-to-month,1
CUST_690_136,17,91.02427986233116,0,No,Yes,Month-to-month,1
CUST_691_879,60,51.43501131837484,0,Yes,Yes,One year,0
CUST_692_468,64,67.11678989328146,0,No,Yes,Month-to-month,0
CUST_693_794,35,102.16368977104716,0,Yes,Yes,Month-to-month,0
CUST_694_624,70,65.92651971732138,1,Yes,No,Month-to-month,0
CUST_695_378,30,55.77982653254418,0,No,Yes,Month-to-month,1
CUST_696_316,71,69.42124472503,0,Yes,Yes,One year,0
CUST_697_966,63,102.82492524372184,0,No,Yes,Month-to-month,0
CUST_698_972,28,53.520804737087275,0,Yes,No,One year,0
CUST_699_897,60,37.37615931357438,0,Yes,No,Month-to-month,1
CUST_700_372,37,91.20140203307808,0,No,No,Month-to-month,0
CUST_701_980,22,102.59782127080818,0,No,No,Month-to-month,0
CUST_702_161,68,30.063747852353337,0,No,Yes,Month-to-month,0
CUST_703_695,20,43.987411275594475,0,No,Yes,One year,1
CUST_704_979,68,34.197198976099386,1,Yes,No,One year,1
CUST_705_828,64,54.79414115821666,0,Yes,No,One year,0
CUST_706_441,17,65.03509789054127,1,Yes,No,Two year,0
CUST_707_496,12,94.88263369633064,0,No,No,Month-to-month,0
CUST_708_798,22,85.11475848816741,0,Yes,Yes,Month-to-month,0
CUST_709_118,17,82.09285674784311,0,No,No,One year,0
CUST_710_276,10,55.23749466096544,0,Yes,No,Two year,1
CUST_711_711,65,104.144755308476,0,No,No,Month-to-month,0
CUST_712_495,22,67.12871673981645,0,Yes,No,One year,1
CUST_713_544,50,117.91049380151546,0,Yes,No,Month-to-month,0
CUST_714_332,14,83.41421382957368,1,No,No,Month-to-month,0
CUST_715_175,64,32.62647415645027,0,Yes,No,One year,1
CUST_716_364,47,87.6177562075434,0,No,Yes,One year,0
CUST_717_554,29,52.5104015431699,0,Yes,Yes,Month-to-month,0
CUST_718_895,36,88.63271966860974,0,Yes,Yes,Month-to-month,0
CUST_719_817,52,26.964114816240578,0,No,Yes,One year,0
CUST_720_834,7,37.48814371759594,0,No,Yes,Month-to-month,0
CUST_721_483,29,105.57372589057864,0,Yes,Yes,Month-to-month,0
CUST_722_663,11,42.71795570235149,0,Yes,No,One year,1
CUST_723_950,33,103.704112524294,0,Yes,No,Month-to-month,0
CUST_724_605,6,47.92760884544104,0,Yes,Yes,Month-to-month,1
CUST_725_466,32,84.28819100587077,1,Yes,No,Two year,0
CUST_726_243,51,89.4150573509831,1,Yes,Yes,One year,1
CUST_727_984,58,71.2654753145053,0,No,No,Two year,0
CUST_728_168,26,50.53106766967313,0,No,No,Two year,1
CUST_729_198,46,41.26443763710961,0,No,No,Two year,0
CUST_730_495,29,23.31893545624262,0,Yes,No,Month-to-month,0
CUST_731_124,4,50.39464012407238,0,Yes,No,Month-to-month,0
CUST_732_990,13,85.3162790531283,0,Yes,No,Two year,0
CUST_733_568,39,113.83048184484826,0,No,Yes,Two year,0
CUST_734_583,15,107.1204482263052,0,No,Yes,Two year,0
CUST_735_664,29,96.60647765353026,0,Yes,No,Month-to-month,0
CUST_736_250,29,98.84473432532988,1,Yes,Yes,Two year,1
CUST_737_243,32,86.49849034759953,0,No,No,Two year,0
CUST_738_668,2,46.028685756600304,0,No,Yes,One year,0
CUST_739_138,47,110.719503070583,1,No,No,One year,1
CUST_740_208,22,87.0732311905834,1,Yes,Yes,Month-to-month,0
CUST_741_792,27,76.04406309804399,0,Yes,No,One year,0
CUST_742_141,67,31.09894692134811,0,Yes,Yes,One year,0
CUST_743_285,56,64.70555438064254,0,No,No,One year,1
CUST_744_497,21,66.03582712019264,1,No,Yes,Month-to-month,1
CUST_745_322,47,106.456360952267,1,Yes,No,One year,1
CUST_746_733,59,74.66482201877885,0,Yes,No,Month-to-month,0
CUST_747_232,6,58.04005489704097,0,No,No,Two year,1
CUST_748_262,19,117.68003285106592,0,Yes,Yes,One year,0
CUST_749_314,57,31.072059332631568,0,No,Yes,Month-to-month,0
CUST_750_832,69,62.25484283119446,0,No,Yes,One year,0
CUST_751_334,3,24.20246751714053,1,Yes,No,Two year,0
CUST_752_942,1,93.99041207669303,0,No,Yes,Month-to-month,0
CUST_753_757,58,111.80765521991506,1,Yes,No,Month-to-month,0
CUST_754_850,38,48.003732955048946,1,No,Yes,Month-to-month,0
CUST_755_687,15,105.83416767991208,0,No,Yes,Two year,0
CUST_756_108,34,49.221823046189776,0,Yes,Yes,Two year,0
CUST_757_173,61,111.07701616439152,0,No,Yes,Two year,0
CUST_758_591,35,95.3961903596784,0,Yes,No,Month-to-month,1
CUST_759_352,64,100.49067768414386,0,Yes,Yes,Two year,0
CUST_760_329,25,21.80065556004545,0,No,Yes,One year,1
CUST_761_618,24,116.2810357074026,0,Yes,No,Two year,0
CUST_762_273,12,92.66709920703232,0,Yes,No,Month-to-month,0
CUST_763_752,18,50.47510953861333,0,Yes,Yes,One year,0
CUST_764_267,15,102.9394664858847,0,Yes,Yes,Two year,0
CUST_765_269,27,48.152119841493,0,Yes,No,One year,1
CUST_766_492,60,107.2753839566128,0,Yes,No,One year,0
CUST_767_894,46,31.2580390411937,0,No,No,Month-to-month,0
CUST_768_733,17,90.36859774607956,0,Yes,Yes,One year,1
CUST_769_293,53,74.06984766449104,0,No,Yes,One year,0
CUST_770_616,8,29.65344701954408,0,No,Yes,Month-to-month,0
CUST_771_128,27,44.1893828258839,0,Yes,No,Month-to-month,0
CUST_772_264,46,21.24040362773148,0,No,No,Month-to-month,0
CUST_773_521,50,66.87679654645058,1,No,No,One year,0
CUST_774_438,71,50.12652607600004,0,Yes,Yes,One year,0
CUST_775_747,3,79.83574842977588,0,Yes,No,One year,1
CUST_776_595,64,49.723780770861715,0,Yes,Yes,Month-to-month,0
CUST_777_464,44,49.99191115069847,0,No,No,Two year,0
CUST_778_932,53,94.31931987316034,0,No,Yes,One year,0
CUST_779_441,24,24.814283597835345,0,Yes,Yes,Two year,1
CUST_780_599,60,110.28949951919871,0,Yes,No,Month-to-month,1
CUST_781_756,3,105.22638743911814,0,No,Yes,One year,0
CUST_782_610,20,86.78046832264066,0,No,No,Two year,0
CUST_783_426,46,79.32215701073844,0,No,Yes,One year,0
CUST_784_316,15,109.23024981396524,0,No,No,One year,0
CUST_785_400,25,38.53301795287145,1,Yes,No,One year,0
CUST_786_231,71,27.89691621908286,0,No,Yes,Two year,0
CUST_787_903,17,43.95101699095381,0,No,No,Month-to-month,0
CUST_788_169,9,99.45782787001905,0,No,Yes,One year,1
CUST_789_351,38,23.46702667264833,0,No,No,Month-to-month,0
CUST_790_514,48,78.28068350834896,0,Yes,No,Month-to-month,1
CUST_791_886,60,119.543751619131,0,Yes,No,Two year,0
CUST_792_544,63,105.56960938375394,0,No,No,Two year,0
CUST_793_975,2,72.14456890435895,0,No,Yes,Month-to-month,0
CUST_794_281,11,26.364090928664233,0,Yes,No,One year,0
CUST_795_266,64,103.137351438571,0,Yes,No,Two year,0
CUST_796_190,21,79.89785081772105,1,No,Yes,One year,0
CUST_797_813,18,31.493299705956684,0,No,Yes,One year,0
CUST_798_957,64,29.38572848233562,0,Yes,Yes,One year,0
CUST_799_630,38,110.96268194365923,0,Yes,Yes,Month-to-month,1
CUST_800_138,32,86.92002629380784,0,Yes,Yes,One year,0
CUST_801_225,11,102.92867993167556,0,Yes,Yes,Month-to-month,0
CUST_802_550,45,107.89789002822673,0,Yes,No,Month-to-month,0
CUST_803_272,33,77.17723520483221,0,Yes,Yes,One year,1
CUST_804_752,41,71.74463517550413,0,No,No,One year,0
CUST_805_853,8,63.042741032099016,0,Yes,Yes,One year,0
CUST_806_319,11,51.694658779111926,0,Yes,No,One year,0
CUST_807_737,51,63.459596085871176,1,Yes,No,Month-to-month,0
CUST_808_157,41,97.38796557301563,0,Yes,No,One year,1
CUST_809_759,17,80.19234310151316,0,No,Yes,One year,0
CUST_810_575,46,109.2523289954846,0,No,Yes,Month-to-month,0
CUST_811_555,32,64.33800143791878,0,Yes,Yes,Two year,0
CUST_812_928,54,80.7089578718754,0,No,Yes,Two year,0
CUST_813_994,20,83.13075530919888,0,No,No,Month-to-month,1
CUST_814_460,33,79.16971623063255,0,No,Yes,Two year,0
CUST_815_100,40,90.26337730855164,0,No,No,Month-to-month,0
CUST_816_486,32,43.74334683748063,0,No,No,One year,0
CUST_817_447,2,71.23637775457907,0,No,Yes,One year,0
CUST_818_289,33,30.42248028083477,0,Yes,Yes,Two year,1
CUST_819_604,30,58.45113276448126,0,Yes,Yes,One year,0
CUST_820_290,33,68.76670686212644,0,Yes,No,Two year,0
CUST_821_607,26,85.22242595454725,0,Yes,Yes,Two year,1
CUST_822_468,22,115.05310525862036,1,Yes,No,One year,0
CUST_823_508,66,80.06510665483559,1,No,Yes,One year,0
CUST_824_923,38,94.35939161765596,1,Yes,No,Two year,0
CUST_825_216,46,70.62660594952028,0,Yes,Yes,One year,1
CUST_826_233,15,83.41040313763312,0,No,Yes,Month-to-month,0
CUST_827_157,44,27.09322161337734,0,No,No,One year,1
CUST_828_655,49,45.4391580841847,0,Yes,Yes,One year,0
CUST_829_784,61,56.185309320513866,0,No,Yes,Month-to-month,0
CUST_830_771,67,67.24933550065136,1,No,Yes,One year,0
CUST_831_272,6,24.564874550238372,1,No,Yes,One year,0
CUST_832_928,9,34.00240975533177,0,No,Yes,Two year,0
CUST_833_914,6,47.68143077913058,0,Yes,Yes,One year,0
CUST_834_248,32,117.15326909010508,0,No,Yes,One year,0
CUST_835_179,41,53.13470071030507,1,Yes,No,Month-to-month,1
CUST_836_985,8,68.20410581120825,1,Yes,No,Two year,1
CUST_837_312,50,39.60977127383929,0,No,Yes,Two year,0
CUST_838_302,62,81.07800710757682,0,No,Yes,Two year,0
CUST_839_863,62,48.06832155159743,1,No,Yes,One year,0
CUST_840_328,7,40.69925784384268,0,Yes,No,Two year,0
CUST_841_775,4,71.65726284459791,0,No,No,Month-to-month,1
CUST_842_326,6,20.55057991604208,1,No,Yes,Two year,0
CUST_843_758,58,20.766403264922538,0,No,No,Month-to-month,0
CUST_844_631,22,41.90688091018578,0,No,Yes,Two year,1
CUST_845_540,26,23.672136250082115,0,No,Yes,Two year,0
CUST_846_501,3,30.80257541306914,0,Yes,Yes,Month-to-month,0
CUST_847_146,41,53.88606493387516,1,No,Yes,Two year,0
CUST_848_332,60,100.25856795798128,0,No,No,Two year,0
CUST_849_404,14,77.20486433693009,1,No,No,Two year,0
CUST_850_625,12,71.26677259564164,0,Yes,Yes,One year,1
CUST_851_242,12,49.348882320812166,0,No,No,Month-to-month,1
CUST_852_514,13,113.17537194328165,0,Yes,No,Two year,0
CUST_853_612,25,59.70150412371917,0,Yes,Yes,Month-to-month,1
CUST_854_472,45,28.70927667957715,0,No,No,Month-to-month,0
CUST_855_665,19,81.70665161178013,0,No,Yes,Month-to-month,1
CUST_856_985,55,31.383839347660142,0,No,Yes,Two year,0
CUST_857_358,45,54.52231428016921,0,Yes,Yes,Two year,1
CUST_858_755,8,70.7411938717809,0,Yes,Yes,Month-to-month,1
CUST_859_570,53,107.42225246851758,0,Yes,No,One year,0
CUST_860_111,55,69.35465803401186,0,Yes,Yes,Month-to-month,1
CUST_861_429,32,90.22587660316644,0,Yes,No,One year,1
CUST_862_835,51,119.28168389990704,0,Yes,Yes,Month-to-month,1
CUST_863_883,44,33.148911989798165,0,No,Yes,Month-to-month,0
CUST_864_457,70,47.473152551951955,0,No,No,Month-to-month,1
CUST_865_507,18,59.45760755976464,0,Yes,Yes,Two year,1
CUST_866_767,22,62.18281785388314,1,No,No,One year,0
CUST_867_472,37,61.102107526554576,0,No,No,One year,1
CUST_868_107,56,110.76110025565548,0,Yes,Yes,Month-to-month,0
CUST_869_221,59,91.40326444668564,0,Yes,Yes,Two year,0
CUST_870_447,3,80.79052140907038,0,No,Yes,Two year,0
CUST_871_775,28,50.93727178627821,0,Yes,Yes,One year,0
CUST_872_189,35,102.37903842212948,0,Yes,Yes,Two year,0
CUST_873_747,61,115.5060511484989,0,No,Yes,One year,0
CUST_874_797,54,102.11982825502264,1,Yes,No,One year,1
CUST_875_415,63,20.15651051914729,0,No,No,One year,0
CUST_876_277,7,83.64013701834071,0,No,Yes,Two year,0
CUST_877_639,49,25.11353814421007,0,No,No,One year,0
CUST_878_831,31,45.76072203337218,0,No,No,One year,0
CUST_879_968,58,25.952470034777168,0,No,Yes,Month-to-month,1
CUST_880_140,61,80.37954529493878,0,Yes,Yes,One year,0
CUST_881_839,24,88.65899134926067,0,Yes,No,One year,1
CUST_882_803,20,31.448763806590513,1,Yes,Yes,Month-to-month,0
CUST_883_601,37,58.38388830449795,0,Yes,No,Month-to-month,0
CUST_884_244,4,65.6236508955542,1,No,Yes,Two year,0
CUST_885_300,20,56.90530217609166,0,No,No,One year,0
CUST_886_823,60,32.1025000485193,0,Yes,No,Two year,0
CUST_887_560,24,61.89477901874754,0,No,No,Two year,0
CUST_888_831,50,95.1178047808418,1,Yes,No,Month-to-month,0
CUST_889_851,49,27.100766453325548,0,Yes,Yes,Two year,1
CUST_890_657,51,28.018001408190344,0,Yes,Yes,One year,0
CUST_891_646,36,55.47712918359842,0,No,No,Month-to-month,0
CUST_892_352,66,114.1725711618925,0,No,No,One year,0
CUST_893_489,34,86.85726467229141,0,No,Yes,One year,0
CUST_894_693,36,87.86699566725648,0,No,Yes,Month-to-month,1
CUST_895_982,6,56.1919990837865,0,Yes,No,One year,0
CUST_896_355,39,79.36607912085384,0,No,No,Month-to-month,0
CUST_897_808,42,21.01311840277434,0,No,No,One year,1
CUST_898_914,58,83.60960464095422,0,No,No,Month-to-month,0
CUST_899_549,12,111.32869475762368,0,Yes,No,Two year,0
CUST_900_109,3,81.25734683448192,1,Yes,Yes,One year,0
CUST_901_923,18,107.3698593466345,0,No,No,Month-to-month,0
CUST_902_897,40,92.39730554660936,0,No,Yes,One year,1
CUST_903_341,21,32.055841640369025,0,No,Yes,One year,1
CUST_904_350,15,110.24533072858418,0,No,Yes,One year,1
CUST_905_976,26,26.64438443557749,0,Yes,No,Month-to-month,0
CUST_906_104,8,73.39674725477637,1,No,Yes,Two year,0
CUST_907_218,42,34.213712379345765,0,No,Yes,Two year,1
CUST_908_900,44,21.170661073090407,0,No,Yes,Two year,0
CUST_909_473,14,62.2034260127639,0,Yes,Yes,Month-to-month,0
CUST_910_164,2,49.50407076541563,0,Yes,No,Two year,0
CUST_911_245,37,68.6000493797603,0,No,No,Month-to-month,0
CUST_912_323,69,77.71998867345508,1,No,Yes,One year,0
CUST_913_338,38,24.373907230894737,0,No,Yes,One year,1
CUST_914_276,41,32.30032951237456,0,No,No,Two year,1
CUST_915_878,62,75.86423964504253,0,No,No,Month-to-month,0
CUST_916_952,60,54.316735317265824,0,Yes,No,One year,0
CUST_917_381,14,92.9173487549448,0,Yes,Yes,Month-to-month,0
CUST_918_162,2,85.22916485919397,0,Yes,No,Month-to-month,1
CUST_919_316,70,104.56043629899068,0,No,Yes,One year,0
CUST_920_953,17,89.24928266692253,0,Yes,Yes,Month-to-month,0
CUST_921_926,28,62.99310773901481,0,Yes,No,One year,0
CUST_922_894,66,87.29666223944324,1,Yes,Yes,One year,0
CUST_923_788,35,47.538117425541856,0,No,No,One year,0
CUST_924_560,5,50.631349877821265,0,No,Yes,Month-to-month,1
CUST_925_709,65,98.89851599207933,0,Yes,No,One year,0
CUST_926_204,40,64.64195164015821,0,No,Yes,Month-to-month,0
CUST_927_198,56,99.83803405183524,0,Yes,Yes,One year,0
CUST_928_610,36,102.24223736682784,0,Yes,No,One year,0
CUST_929_484,45,105.75623376612836,0,Yes,No,Two year,1
CUST_930_504,23,111.66352358412072,0,Yes,No,Two year,0
CUST_931_922,47,63.098522051329624,0,No,No,Two year,1
CUST_932_617,31,51.88668183211389,0,No,Yes,Month-to-month,0
CUST_933_575,11,78.21987465941139,1,No,No,Month-to-month,0
CUST_934_808,10,57.117242343762754,0,No,No,One year,0
CUST_935_962,67,80.10741668002329,0,Yes,Yes,One year,0
CUST_936_744,14,90.55858626438246,0,No,No,One year,0
CUST_937_969,10,88.84050184921368,0,Yes,No,One year,1
CUST_938_870,1,57.45528870201213,0,No,Yes,Month-to-month,0
CUST_939_536,5,36.686020169875285,1,No,No,One year,0
CUST_940_122,20,63.05293384622075,1,No,No,One year,1
CUST_941_664,8,34.25941440819087,0,Yes,No,Two year,1
CUST_942_776,43,109.00970351838085,1,Yes,No,One year,0
CUST_943_813,1,54.58774607378574,1,Yes,No,One year,1
CUST_944_557,57,35.44597472233238,1,Yes,No,One year,0
CUST_945_182,64,22.544775990575086,1,No,Yes,Month-to-month,0
CUST_946_244,28,84.58223862864843,0,Yes,No,Two year,1
CUST_947_184,37,83.69023174547432,0,Yes,Yes,One year,0
CUST_948_177,47,54.06041665812917,0,No,Yes,One year,0
CUST_949_556,37,27.1711888847651,0,No,Yes,Two year,0
CUST_950_977,49,60.9628894895232,1,Yes,Yes,One year,1
CUST_951_100,44,51.12174950633936,0,No,No,Month-to-month,1
CUST_952_150,56,87.71206397350093,0,Yes,No,One year,0
CUST_953_784,28,80.57792494526903,1,No,No,Month-to-month,0
CUST_954_816,6,56.459372819754,1,Yes,Yes,Month-to-month,0
CUST_955_871,61,41.78925542549901,1,Yes,No,One year,0
CUST_956_545,20,118.8035966155592,0,Yes,No,Two year,0
CUST_957_548,2,65.40016211961148,0,Yes,No,Month-to-month,1
CUST_958_980,37,88.82742357802371,0,Yes,Yes,Two year,0
CUST_959_587,20,34.055296757836075,0,No,Yes,One year,0
CUST_960_899,26,68.55896996593978,0,Yes,No,Month-to-month,0
CUST_961_133,29,22.75367198694655,0,Yes,Yes,One year,0
CUST_962_447,1,70.545511791045,0,Yes,Yes,Two year,1
CUST_963_194,35,116.40174071177024,0,Yes,No,One year,0
CUST_964_171,70,58.420671298580025,0,Yes,Yes,One year,0
CUST_965_650,59,23.89960125749116,0,No,Yes,Month-to-month,0
CUST_966_253,69,23.09557909193435,0,No,No,One year,0
CUST_967_349,33,58.798675994686946,0,Yes,Yes,One year,0
CUST_968_773,51,36.00249364631941,0,No,Yes,One year,0
CUST_969_537,12,22.33520963281859,0,Yes,Yes,Month-to-month,0
CUST_970_217,20,95.62136139501769,0,No,Yes,Two year,0
CUST_971_870,53,65.85230088818906,0,No,Yes,Two year,0
CUST_972_990,43,48.92447719726545,1,Yes,Yes,One year,0
CUST_973_405,50,110.00831830164807,0,No,Yes,Month-to-month,1
CUST_974_367,29,31.61389602005256,0,No,Yes,One year,0
CUST_975_153,57,115.59188289553192,0,Yes,No,Two year,0
CUST_976_335,39,51.39667173773528,1,Yes,No,Month-to-month,0
CUST_977_488,56,108.84036723086813,0,No,No,Two year,0
CUST_978_833,43,80.29428764794615,0,No,No,Two year,1
CUST_979_862,50,102.67073597414874,1,No,Yes,Month-to-month,0
CUST_980_924,23,118.40131632104642,0,Yes,No,Month-to-month,0
CUST_981_500,44,48.84054378187457,0,No,No,One year,0
CUST_982_723,38,116.1135485407593,0,No,Yes,One year,0
CUST_983_866,23,58.94818949024204,0,No,Yes,Two year,1
CUST_984_402,45,58.55119047369223,0,Yes,Yes,Month-to-month,0
CUST_985_306,52,54.03871042545057,0,Yes,Yes,Month-to-month,0
CUST_986_328,50,74.14076073475852,1,Yes,Yes,One year,0
CUST_987_952,8,35.41450431784871,1,Yes,No,Two year,1
CUST_988_677,1,75.37114853580111,0,No,Yes,Two year,0
CUST_989_174,8,74.1704812410004,0,Yes,No,One year,1
CUST_990_534,29,96.190181260487,0,No,No,Month-to-month,0
CUST_991_202,5,103.36499619375856,1,No,Yes,One year,1
CUST_992_521,47,64.0441350312424,1,No,No,One year,0
CUST_993_803,34,50.233324935149376,0,No,No,One year,0
CUST_994_863,65,45.93348973170945,1,Yes,Yes,One year,0
CUST_995_837,55,39.46238367048719,0,Yes,No,Month-to-month,1
CUST_996_905,43,25.76475821990249,0,Yes,No,One year,0
CUST_997_405,30,54.244797883471335,0,Yes,No,Month-to-month,0
CUST_998_197,17,47.02476921307833,0,Yes,Yes,One year,0
CUST_999_949,26,116.64173858664074,0,No,Yes,Two year,0
CUST_0_202,62,,0,Yes,No,One year,0
CUST_1_535,40,64.77831645730916,0,No,No,One year,1
CUST_2_960,53,75.28930890713279,0,No,Yes,Two year,1
CUST_3_370,24,79.26967238793935,0,No,No,Two year,1
CUST_4_206,26,28.085332633271523,1,No,Yes,One year,0
CUST_5_171,60,56.96544560614045,1,Yes,Yes,Two year,0
CUST_6_800,41,44.21599382774259,0,No,Yes,Month-to-month,0
CUST_7_120,29,100.3139756379896,0,Yes,Yes,Month-to-month,0
CUST_8_714,15,67.03006344460384,0,No,No,One year,1
CUST_9_221,45,118.34231408948428,0,No,No,One year,1
CUST_10_566,65,59.88244424445531,0,No,Yes,One year,1
CUST_11_314,71,101.6431873219384,0,Yes,Yes,Month-to-month,1
CUST_12_430,9,99.83451249845513,0,No,Yes,Two year,0
CUST_13_558,1,35.07175439654295,1,No,No,Month-to-month,1
CUST_14_187,8,70.81987767407186,0,No,Yes,Two year,1
CUST_15_472,63,89.58128067908818,0,No,Yes,Month-to-month,1
CUST_16_199,11,105.835880481372,0,Yes,No,Two year,0
CUST_17_971,8,52.59589052018848,0,No,No,Month-to-month,0
CUST_18_763,35,42.02410475655483,0,Yes,Yes,One year,0
CUST_19_230,35,91.11495324380178,0,Yes,No,Month-to-month,1
CUST_20_761,33,100.95010461397156,0,Yes,No,Two year,0
CUST_21_408,5,54.866598729172935,0,Yes,Yes,Month-to-month,0
CUST_22_869,41,29.61765510914208,0,Yes,No,Month-to-month,0
CUST_23_443,28,114.0523264489604,0,Yes,Yes,Month-to-month,0
CUST_24_591,7,59.75720210875223,0,No,No,One year,0
CUST_25_513,12,71.77513505274801,0,Yes,Yes,Month-to-month,0
CUST_26_905,34,103.7710105907328,0,Yes,Yes,One year,0
CUST_27_485,33,87.56901170392807,0,Yes,Yes,One year,0
CUST_28_291,48,93.5216119240772,1,No,No,Month-to-month,1
CUST_29_376,23,40.90716207377137,0,No,Yes,Month-to-month,0
CUST_30_260,62,74.14479738275658,0,Yes,No,Month-to-month,1
CUST_31_559,37,89.57843993450822,0,No,Yes,Two year,0
CUST_32_413,44,42.855002179729965,0,Yes,Yes,Month-to-month,0
CUST_33_121,35,37.49549270959362,0,Yes,No,One year,1
CUST_34_352,65,118.21683433294356,0,No,Yes,Month-to-month,0
CUST_35_847,47,71.66358912710143,1,Yes,Yes,Two year,0
CUST_36_956,3,46.0829174830409,1,No,No,Month-to-month,0
CUST_37_660,1,119.62536997579244,1,No,Yes,Two year,1
CUST_38_574,5,116.54193512887936,0,Yes,Yes,Two year,0
CUST_39_158,14,75.82934536070977,0,Yes,Yes,Month-to-month,0
CUST_40_610,27,108.26363431893397,0,No,Yes,One year,0
CUST_41_781,9,38.87071083413794,0,Yes,No,Two year,0
CUST_42_575,15,47.88713525921819,0,Yes,No,Month-to-month,0
CUST_43_799,42,90.03578299727712,1,Yes,Yes,Month-to-month,0
CUST_44_882,51,104.6661142238306,0,No,No,One year,0
CUST_45_289,63,105.63242918780924,1,No,Yes,Two year,0
CUST_46_786,52,60.45081271221901,0,Yes,No,Two year,0
CUST_47_662,4,108.77700987609596,1,No,Yes,Month-to-month,1
CUST_48_975,23,105.09284487675129,0,No,Yes,Month-to-month,0
CUST_49_666,15,113.56349942209476,0,No,Yes,One year,0
CUST_50_343,43,98.53406511139436,0,No,Yes,One year,1
CUST_51_931,29,86.89882547142287,0,No,Yes,Two year,0
CUST_52_604,36,78.06866214364547,0,Yes,Yes,Two year,0
CUST_53_230,13,57.22827665617431,1,Yes,No,Month-to-month,1
CUST_54_584,32,114.01334424577784,0,Yes,Yes,Two year,1
CUST_55_918,71,117.36638367553174,0,No,No,One year,0
CUST_56_746,59,48.39209747374657,0,No,Yes,One year,1
CUST_57_120,28,50.536386034439346,0,Yes,No,Month-to-month,0
CUST_58_940,66,68.56137535862266,0,No,No,One year,0
CUST_59_266,42,64.84241429862473,0,Yes,No,One year,0
CUST_60_373,45,119.44574626108206,0,Yes,Yes,One year,1
CUST_61_487,62,37.59252526773454,0,Yes,Yes,One year,0
CUST_62_700,57,21.80753636155209,0,No,No,Month-to-month,0
CUST_63_415,6,69.38937151834347,0,No,Yes,Month-to-month,0
CUST_64_113,28,37.88227092213288,0,Yes,No,Two year,0
CUST_65_341,28,56.64687845828599,1,Yes,Yes,One year,0
CUST_66_876,44,94.41705230565624,0,Yes,No,Two year,0
CUST_67_445,30,92.09399242521292,0,Yes,No,Month-to-month,0
CUST_68_664,62,50.80607918523892,0,No,Yes,Month-to-month,0
CUST_69_997,62,74.25402305548992,0,No,No,Month-to-month,0
CUST_70_439,1,70.881407683876,1,Yes,Yes,Month-to-month,0
CUST_71_191,27,83.63326181858953,0,Yes,No,Month-to-month,0
CUST_72_466,62,45.04618186055841,0,No,No,Month-to-month,0
CUST_73_554,3,78.98708475605439,0,No,Yes,Month-to-month,1
CUST_74_527,70,117.8892858275009,0,Yes,Yes,One year,0
CUST_75_608,27,68.67421529594552,0,Yes,Yes,Two year,0
CUST_76_875,9,110.6098787718554,0,Yes,No,Month-to-month,0
CUST_77_134,62,63.43943655104287,0,No,Yes,One year,0
CUST_78_305,37,55.00784076946757,0,No,No,One year,0
CUST_79_180,51,84.51033620305648,0,No,No,Two year,0
CUST_80_661,44,86.89240596630997,0,Yes,Yes,Month-to-month,0
CUST_81_971,24,106.4167565071903,0,Yes,Yes,Two year,0
CUST_82_487,59,43.01852682415553,0,No,No,Month-to-month,0
CUST_83_101,32,69.91933798847523,0,No,No,One year,0
CUST_84_489,52,77.2004199209183,1,Yes,Yes,One year,0
CUST_85_665,62,96.8554014306309,0,No,Yes,One year,0
CUST_86_205,58,24.360377175443375,0,No,Yes,One year,0
CUST_87_871,52,119.4550510797341,0,Yes,Yes,Two year,0
CUST_88_921,12,66.99445139909429,1,No,Yes,Month-to-month,0
CUST_89_576,39,47.95603417967586,0,Yes,No,Month-to-month,0
CUST_90_802,2,108.3494022266259,0,Yes,No,Two year,1
CUST_91_501,3,94.7718773897414,0,Yes,No,Month-to-month,0
CUST_92_829,56,115.30718470239532,0,Yes,No,One year,0
CUST_93_655,59,53.07503046705137,1,Yes,Yes,Month-to-month,1
CUST_94_261,2,75.276496683549,1,Yes,Yes,One year,1
CUST_95_301,2,77.22924691708383,0,Yes,Yes,Two year,0
CUST_96_369,54,118.03315837160456,0,No,No,Month-to-month,0
CUST_97_962,1,27.53462560061282,1,Yes,No,Two year,1
CUST_98_915,19,50.56970192871818,0,Yes,Yes,Month-to-month,1
CUST_99_370,2,39.0911031150346,0,No,Yes,One year,0
